{"by_case": {"John James Rickard Macleod": true, "Lee Alvin DuBridge": true, "John Henry Poynting": true, "Yi-Fu Tuan": true, "Giovanni Battista Riccioli": true, "Michel Chasles": true, "Albrecht Kossel": true, "Karl Polanyi": true, "Hubert von Luschka": true, "Pierre Curie": true, "Robert A. Millikan": true, "Anita Borg": false, "Raymond Smith Dugan": true, "Stuart Parkin": true, "Otto Brunfels": true, "Sofia Kovalevskaya": true, "Frederik Kaiser": true, "Otto E. Neugebauer": true, "Edward Teller": true, "Raoul Bott": true, "Stephen Wolfram": true, "Bert Sakmann": true, "James Morris Blaut": true, "Fred Hoyle": true, "Nicole-Reine Lepaute": false, "James Ivory": true, "Jane Ellen Harrison": false, "John Archibald Wheeler": true, "Franz Reuleaux": true, "Christiaan Huygens": true, "Steven Weinberg": true, "Hermann Minkowski": true, "William Crabtree": true, "Menaechmus": true, "Harrie Massey": true, "Aryabhata": true, "Nicolaus Copernicus": true, "Mathias Lerch": true, "Robert Neelly Bellah": true, "August Heinrich Petermann": true, "Anatoly Maltsev": true, "Karl Marx": true, "Paul Langevin": true, "Charles Babbage": true, "Ernest Starling": true, "Ulrich Beck": true, "Galen": true, "Edoardo Amaldi": true, "Khaled Hosseini": true, "Roger Penrose": true, "William Thierry Preyer": true, "Karl Schwarzschild": true, "Nikolai Bernstein": true, "Arthur Leonard Schawlow": true, "Ulf von Euler": true, "George Volkoff": true, "Bonaventura Cavalieri": true, "Charles Proteus Steinmetz": true, "Herbert A. Hauptman": true, "Volcher Coiter": true, "Isaac Barrow": true, "Isaac Newton": true, "Edward Victor Appleton": true, "Johannes Hevelius": true, "John Napier": true, "Nikolai Ivanovich Lobachevsky": true, "William Sharpey": true, "Wilhelm Roux": true, "David Bohm": true, "Jean Pierre Flourens": true, "John Cockcroft": true, "Nicolas Chuquet": true, "James Franck": true, "Leonhard Euler": true, "Hugo Kronecker": true, "Karl Menger": true, "Felix Bloch": true, "David Hilbert": true, "William Isaac Thomas": true, "Jan Mikulicz-Radecki": true, "Nikolai Bogolyubov": true, "Giacomo F. Maraldi": true, "Henry Thomas Colebrooke": true, "Marcel Mauss": true, "Carl Ludwig": true, "Joseph Diez Gergonne": true, "Theodor von Oppolzer": true, "Robert Hanbury Brown": true, "Hertha Ayrton": true, "William Rowan Hamilton": true, "Laurent Schwartz": true, "Pyotr Lebedev": true, "Vilfredo Pareto": true, "Henri Brocard": true, "Otto Struve": true, "John Polkinghorne": true, "Nicholas Metropolis": true, "Aleksey Krylov": true, "Christoph Gerber": true, "Kip S. Thorne": true, "Alexis Bouvard": true, "Mstislav Keldysh": true, "Archimedes": true, "Ernest Rutherford": true, "Moritz Pasch": true, "Sin-Itiro Tomonaga": true, "Vilhelm Bjerknes": true, "Jakob Steiner": true, "Daniel Bernoulli": true, "Adonis": true, "Ewald Hering": true, "Antoine Augustin Cournot": true, "Percy Williams Bridgman": true, "William Oughtred": true, "Al-Kindi": true, "Theodor Lipps": true, "August Krogh": true, "Edward Condon": true, "Hermann von Helmholtz": true, "Michio Kaku": true, "Eric Harold Neville": true, "David G. Bromley": true, "Vitaly Ginzburg": true, "Wilhelm Ackermann": true, "Ernest Burgess": true, "Georges Reeb": true, "Boris Delaunay": true, "Joseph Barcroft": true, "Norbert Wiener": true, "Henri Becquerel": true, "Reinhold Niebuhr": true, "Oswald Veblen": true, "Georg Ludwig Hartig": true, "Nur ad-Din al-Bitruji": true, "William Harvey": true, "Henry Cavendish": true, "Stephen Hales": true, "Shmuel Eisenstadt": true, "Arthur Moritz Schoenflies": true, "Kazimierz Ajdukiewicz": true, "Raymond Smullyan": true, "Josias Simmler": true, "James George Frazer": true, "David Harvey": true, "Sergey Chaplygin": true, "Leon Orbeli": true, "Karl Georg Christian von Staudt": true, "Alfred Tarski": true, "Petrus Camper": true, "August Kundt": true, "Euclid": true, "Alexander Zinoviev": true, "Immanuel Wallerstein": true, "Wilhelm Wien": true, "Patrick Moore": true, "Ernst Heinrich Weber": true, "Francis Bitter": true, "William Herschel": true, "Erving Goffman": true, "John Vincent Atanasoff": true, "Gerardus Mercator": true, "Willem Einthoven": true, "Eugene Wigner": true, "Joseph von Fraunhofer": true, "Clarence Zener": true, "David Crystal": true, "Friedrich Tiedemann": true, "Herman Auerbach": true, "Mikio Sato": true, "Archibald Hill": true, "Ulisse Dini": true, "Solomon Schechter": true, "Pomponius Mela": true, "Hermann Klaatsch": true, "John Wallis": true, "Giovanni Domenico Cassini": true, "Olin J. Eggen": true, "Brahmagupta": true, "Karl Bogislaus Reichert": true, "Nathaniel Bowditch": true, "Ivan Sechenov": true, "Otto Neurath": true, "Hypatia": true, "Willebrord Snellius": true, "Harold Scott MacDonald Coxeter": true, "Marian Rejewski": true, "Piotr Sztompka": true, "Nicolaus Steno": true, "Friedrich Bessel": true, "Mario Pieri": true, "Galileo Galilei": true, "John Newport Langley": true, "Adolphe Quetelet": true, "Walther Meissner": true, "Heinz Hopf": true, "Mogens Herman Hansen": true, "Carl Ritter": true, "Hjalmar Mellin": true, "Georgios Babiniotis": true, "Bernd Sturmfels": true, "Rudolf Wagner": true, "Nello Santi": true, "Nilakantha Somayaji": true, "Friedrich Spanheim": true, "Abram Ioffe": true, "Saskia Sassen": true, "Francesco Maurolico": true, "Ivan Pavlov": true, "Walter Bradford Cannon": true, "Urbain Le Verrier": true, "Ilya Prigogine": true, "Luca Pacioli": true, "Joseph von Gerlach": true, "Stephen Jay Gould": true, "Jon Postel": true, "John Dalton": true, "Walter Isard": true, "Halford Mackinder": true, "Frederick Banting": true, "Werner Fenchel": true, "Jeremiah Horrocks": true, "Arnaud Denjoy": true, "Enrico Fermi": true, "Karl Wilhelm von Kupffer": true, "Sean M. Carroll": true, "Mildred Dresselhaus": false, "Philipp Lenard": true, "Charles Bell": true, "Fritjof Capra": true, "Gregor Mendel": true, "Wilhelm Krause": true, "Ernest Lawrence": true, "Anders Celsius": true, "Anaxagoras": true, "John Preskill": true, "Stefan Banach": true, "Georg Mohr": true, "Kurt Baier": true, "Mark S. Granovetter": true, "Frederick Ashton": true, "Horace Lamb": true, "Marshall Harvey Stone": true, "Theodor Billroth": true, "Friedrich Hirzebruch": true, "Max Weber": true, "Heinrich Roth": true, "Clark Kimberling": true, "Edwin Hubble": true, "Alfred Weber": true, "Macedonio Melloni": true, "Hermann Schwarz": true, "Johannes de Sacrobosco": true, "James Clerk Maxwell": true, "Herbert Robbins": true, "Johannes Fabricius": true, "Abraham bar Hiyya": true, "Allan Sandage": true, "Paul Broca": true, "Joseph Campbell": true, "Hans Bethe": true, "Tycho Brahe": true, "Claude Bernard": true, "Blaise Pascal": true, "Lindsey Davis": true, "John Paul II": true, "Eduard Uspensky": true, "Giunta Pisano": true, "Arthur Conan Doyle": true, "Rafael Alberti": true, "Joseph Brodsky": true, "Alphonse Daudet": true, "Geoff Dyer": true, "Marie Curie": true, "Fredrika Bremer": true, "Barack Obama": true, "Seamus Heaney": true, "Raymond Abellio": true, "Hans Christian Andersen": true, "Zachris Topelius": true}, "overall_acc": 0.985663082437276}