{"by_case": {"John James Rickard Macleod": false, "Lee Alvin DuBridge": false, "John Henry Poynting": false, "Yi-Fu Tuan": false, "Giovanni Battista Riccioli": false, "Michel Chasles": false, "Albrecht Kossel": false, "Karl Polanyi": false, "Hubert von Luschka": false, "Pierre Curie": false, "Robert A. Millikan": false, "Anita Borg": false, "Raymond Smith Dugan": false, "Stuart Parkin": false, "Otto Brunfels": false, "Sofia Kovalevskaya": false, "Frederik Kaiser": false, "Otto E. Neugebauer": false, "Edward Teller": false, "Raoul Bott": false, "Stephen Wolfram": false, "Bert Sakmann": false, "James Morris Blaut": false, "Fred Hoyle": false, "Nicole-Reine Lepaute": false, "James Ivory": false, "Jane Ellen Harrison": false, "John Archibald Wheeler": false, "Franz Reuleaux": false, "Christiaan Huygens": false, "Steven Weinberg": false, "Hermann Minkowski": false, "William Crabtree": false, "Menaechmus": false, "Harrie Massey": false, "Aryabhata": false, "Nicolaus Copernicus": false, "Mathias Lerch": false, "Robert Neelly Bellah": false, "August Heinrich Petermann": false, "Anatoly Maltsev": false, "Karl Marx": false, "Paul Langevin": false, "Charles Babbage": false, "Ernest Starling": false, "Ulrich Beck": false, "Galen": false, "Edoardo Amaldi": false, "Khaled Hosseini": false, "Roger Penrose": false, "William Thierry Preyer": false, "Karl Schwarzschild": false, "Nikolai Bernstein": false, "Arthur Leonard Schawlow": false, "Ulf von Euler": false, "George Volkoff": false, "Bonaventura Cavalieri": false, "Charles Proteus Steinmetz": false, "Herbert A. Hauptman": false, "Volcher Coiter": false, "Isaac Barrow": false, "Isaac Newton": false, "Edward Victor Appleton": false, "Johannes Hevelius": false, "John Napier": false, "Nikolai Ivanovich Lobachevsky": false, "William Sharpey": false, "Wilhelm Roux": false, "David Bohm": false, "Jean Pierre Flourens": false, "John Cockcroft": false, "Nicolas Chuquet": false, "James Franck": false, "Leonhard Euler": false, "Hugo Kronecker": false, "Karl Menger": false, "Felix Bloch": false, "David Hilbert": false, "William Isaac Thomas": false, "Jan Mikulicz-Radecki": false, "Nikolai Bogolyubov": false, "Giacomo F. Maraldi": false, "Henry Thomas Colebrooke": false, "Marcel Mauss": false, "Carl Ludwig": false, "Joseph Diez Gergonne": false, "Theodor von Oppolzer": false, "Robert Hanbury Brown": false, "Hertha Ayrton": false, "William Rowan Hamilton": false, "Laurent Schwartz": false, "Pyotr Lebedev": false, "Vilfredo Pareto": false, "Henri Brocard": false, "Otto Struve": false, "John Polkinghorne": true, "Nicholas Metropolis": false, "Aleksey Krylov": false, "Christoph Gerber": false, "Kip S. Thorne": false, "Alexis Bouvard": false, "Mstislav Keldysh": false, "Archimedes": false, "Ernest Rutherford": false, "Moritz Pasch": false, "Sin-Itiro Tomonaga": false, "Vilhelm Bjerknes": false, "Jakob Steiner": false, "Daniel Bernoulli": false, "Adonis": false, "Ewald Hering": false, "Antoine Augustin Cournot": false, "Percy Williams Bridgman": false, "William Oughtred": false, "Al-Kindi": false, "Theodor Lipps": false, "August Krogh": false, "Edward Condon": false, "Hermann von Helmholtz": false, "Michio Kaku": true, "Eric Harold Neville": false, "David G. Bromley": false, "Vitaly Ginzburg": false, "Wilhelm Ackermann": false, "Ernest Burgess": false, "Georges Reeb": false, "Boris Delaunay": false, "Joseph Barcroft": false, "Norbert Wiener": false, "Henri Becquerel": false, "Reinhold Niebuhr": false, "Oswald Veblen": false, "Georg Ludwig Hartig": false, "Nur ad-Din al-Bitruji": false, "William Harvey": false, "Henry Cavendish": false, "Stephen Hales": false, "Shmuel Eisenstadt": false, "Arthur Moritz Schoenflies": false, "Kazimierz Ajdukiewicz": true, "Raymond Smullyan": true, "Josias Simmler": false, "James George Frazer": false, "David Harvey": false, "Sergey Chaplygin": false, "Leon Orbeli": false, "Karl Georg Christian von Staudt": false, "Alfred Tarski": false, "Petrus Camper": false, "August Kundt": false, "Euclid": false, "Alexander Zinoviev": false, "Immanuel Wallerstein": false, "Wilhelm Wien": false, "Patrick Moore": false, "Ernst Heinrich Weber": false, "Francis Bitter": false, "William Herschel": false, "Erving Goffman": false, "John Vincent Atanasoff": false, "Gerardus Mercator": false, "Willem Einthoven": false, "Eugene Wigner": false, "Joseph von Fraunhofer": false, "Clarence Zener": false, "David Crystal": false, "Friedrich Tiedemann": false, "Herman Auerbach": false, "Mikio Sato": false, "Archibald Hill": false, "Ulisse Dini": false, "Solomon Schechter": false, "Pomponius Mela": false, "Hermann Klaatsch": false, "John Wallis": false, "Giovanni Domenico Cassini": false, "Olin J. Eggen": false, "Brahmagupta": false, "Karl Bogislaus Reichert": false, "Nathaniel Bowditch": false, "Ivan Sechenov": false, "Otto Neurath": false, "Hypatia": false, "Willebrord Snellius": false, "Harold Scott MacDonald Coxeter": false, "Marian Rejewski": false, "Piotr Sztompka": false, "Nicolaus Steno": false, "Friedrich Bessel": false, "Mario Pieri": false, "Galileo Galilei": false, "John Newport Langley": false, "Adolphe Quetelet": false, "Walther Meissner": false, "Heinz Hopf": false, "Mogens Herman Hansen": false, "Carl Ritter": false, "Hjalmar Mellin": false, "Georgios Babiniotis": false, "Bernd Sturmfels": false, "Rudolf Wagner": false, "Nello Santi": false, "Nilakantha Somayaji": false, "Friedrich Spanheim": false, "Abram Ioffe": false, "Saskia Sassen": false, "Francesco Maurolico": false, "Ivan Pavlov": false, "Walter Bradford Cannon": false, "Urbain Le Verrier": false, "Ilya Prigogine": false, "Luca Pacioli": false, "Joseph von Gerlach": false, "Stephen Jay Gould": false, "Jon Postel": false, "John Dalton": false, "Walter Isard": false, "Halford Mackinder": false, "Frederick Banting": false, "Werner Fenchel": false, "Jeremiah Horrocks": false, "Arnaud Denjoy": false, "Enrico Fermi": false, "Karl Wilhelm von Kupffer": false, "Sean M. Carroll": false, "Mildred Dresselhaus": false, "Philipp Lenard": false, "Charles Bell": false, "Fritjof Capra": false, "Gregor Mendel": false, "Wilhelm Krause": false, "Ernest Lawrence": false, "Anders Celsius": false, "Anaxagoras": false, "John Preskill": false, "Stefan Banach": false, "Georg Mohr": false, "Kurt Baier": false, "Mark S. Granovetter": false, "Frederick Ashton": false, "Horace Lamb": false, "Marshall Harvey Stone": false, "Theodor Billroth": false, "Friedrich Hirzebruch": false, "Max Weber": false, "Heinrich Roth": false, "Clark Kimberling": false, "Edwin Hubble": false, "Alfred Weber": false, "Macedonio Melloni": false, "Hermann Schwarz": false, "Johannes de Sacrobosco": false, "James Clerk Maxwell": false, "Herbert Robbins": false, "Johannes Fabricius": false, "Abraham bar Hiyya": false, "Allan Sandage": false, "Paul Broca": false, "Joseph Campbell": false, "Hans Bethe": false, "Tycho Brahe": false, "Claude Bernard": false, "Blaise Pascal": false, "Lindsey Davis": false, "John Paul II": false, "Eduard Uspensky": false, "Giunta Pisano": false, "Arthur Conan Doyle": false, "Rafael Alberti": false, "Joseph Brodsky": false, "Alphonse Daudet": false, "Geoff Dyer": false, "Marie Curie": false, "Fredrika Bremer": true, "Barack Obama": false, "Seamus Heaney": false, "Raymond Abellio": false, "Hans Christian Andersen": false, "Zachris Topelius": false}, "overall_acc": 0.017921146953405017}