{"by_case": {"John James Rickard Macleod": false, "Lee Alvin DuBridge": false, "John Henry Poynting": false, "Yi-Fu Tuan": false, "Giovanni Battista Riccioli": false, "Michel Chasles": false, "Albrecht Kossel": false, "Karl Polanyi": true, "Hubert von Luschka": false, "Pierre Curie": false, "Robert A. Millikan": false, "Anita Borg": false, "Raymond Smith Dugan": false, "Stuart Parkin": false, "Otto Brunfels": false, "Sofia Kovalevskaya": true, "Frederik Kaiser": false, "Otto E. Neugebauer": false, "Edward Teller": false, "Raoul Bott": false, "Stephen Wolfram": false, "Bert Sakmann": false, "James Morris Blaut": false, "Fred Hoyle": false, "Nicole-Reine Lepaute": false, "James Ivory": false, "Jane Ellen Harrison": false, "John Archibald Wheeler": true, "Franz Reuleaux": false, "Christiaan Huygens": false, "Steven Weinberg": false, "Hermann Minkowski": true, "Menaechmus": false, "Harrie Massey": false, "Aryabhata": false, "Nicolaus Copernicus": true, "Mathias Lerch": true, "Robert Neelly Bellah": false, "August Heinrich Petermann": false, "Anatoly Maltsev": false, "Karl Marx": true, "Paul Langevin": false, "Charles Babbage": false, "Ernest Starling": false, "Ulrich Beck": true, "Galen": false, "Edoardo Amaldi": false, "Khaled Hosseini": true, "Roger Penrose": true, "William Thierry Preyer": false, "Karl Schwarzschild": true, "Nikolai Bernstein": false, "Arthur Leonard Schawlow": false, "Ulf von Euler": false, "George Volkoff": false, "Bonaventura Cavalieri": false, "Charles Proteus Steinmetz": false, "Herbert A. Hauptman": false, "Volcher Coiter": false, "Isaac Barrow": false, "Isaac Newton": true, "Edward Victor Appleton": false, "Johannes Hevelius": false, "John Napier": false, "Nikolai Ivanovich Lobachevsky": false, "William Sharpey": false, "Wilhelm Roux": false, "David Bohm": true, "Jean Pierre Flourens": false, "John Cockcroft": true, "Nicolas Chuquet": false, "James Franck": true, "Leonhard Euler": true, "Hugo Kronecker": false, "Karl Menger": false, "Felix Bloch": false, "David Hilbert": false, "William Isaac Thomas": false, "Jan Mikulicz-Radecki": false, "Nikolai Bogolyubov": false, "Giacomo F. Maraldi": false, "Henry Thomas Colebrooke": false, "Marcel Mauss": false, "Carl Ludwig": false, "Joseph Diez Gergonne": false, "Theodor von Oppolzer": false, "Robert Hanbury Brown": false, "Hertha Ayrton": false, "William Rowan Hamilton": true, "Laurent Schwartz": true, "Pyotr Lebedev": false, "Vilfredo Pareto": false, "Henri Brocard": false, "Otto Struve": false, "John Polkinghorne": false, "Nicholas Metropolis": false, "Aleksey Krylov": false, "Christoph Gerber": false, "Kip S. Thorne": true, "Alexis Bouvard": false, "Mstislav Keldysh": false, "Archimedes": true, "Ernest Rutherford": true, "Moritz Pasch": false, "Sin-Itiro Tomonaga": false, "Vilhelm Bjerknes": false, "Jakob Steiner": false, "Daniel Bernoulli": false, "Ewald Hering": false, "Antoine Augustin Cournot": true, "Percy Williams Bridgman": false, "William Oughtred": true, "Al-Kindi": false, "Theodor Lipps": true, "August Krogh": false, "Edward Condon": false, "Hermann von Helmholtz": false, "Michio Kaku": true, "Eric Harold Neville": false, "Vitaly Ginzburg": false, "Wilhelm Ackermann": false, "Ernest Burgess": false, "Georges Reeb": false, "Boris Delaunay": false, "Joseph Barcroft": false, "Norbert Wiener": false, "Henri Becquerel": false, "Reinhold Niebuhr": false, "Oswald Veblen": false, "Georg Ludwig Hartig": false, "Nur ad-Din al-Bitruji": false, "William Harvey": false, "Henry Cavendish": true, "Stephen Hales": false, "Shmuel Eisenstadt": false, "Arthur Moritz Schoenflies": false, "Kazimierz Ajdukiewicz": true, "Raymond Smullyan": true, "Josias Simmler": false, "James George Frazer": false, "David Harvey": false, "Sergey Chaplygin": false, "Leon Orbeli": false, "Karl Georg Christian von Staudt": false, "Alfred Tarski": false, "Petrus Camper": false, "August Kundt": false, "Alexander Zinoviev": false, "Immanuel Wallerstein": true, "Wilhelm Wien": true, "Patrick Moore": false, "Ernst Heinrich Weber": false, "Francis Bitter": false, "William Herschel": false, "Erving Goffman": false, "John Vincent Atanasoff": false, "Gerardus Mercator": false, "Willem Einthoven": false, "Eugene Wigner": false, "Joseph von Fraunhofer": false, "Clarence Zener": false, "David Crystal": false, "Friedrich Tiedemann": false, "Herman Auerbach": false, "Mikio Sato": false, "Archibald Hill": false, "Ulisse Dini": true, "Solomon Schechter": false, "Pomponius Mela": true, "Hermann Klaatsch": false, "John Wallis": false, "Giovanni Domenico Cassini": true, "Olin J. Eggen": false, "Brahmagupta": true, "Karl Bogislaus Reichert": false, "Nathaniel Bowditch": false, "Ivan Sechenov": false, "Otto Neurath": true, "Hypatia": false, "Willebrord Snellius": false, "Harold Scott MacDonald Coxeter": false, "Marian Rejewski": false, "Piotr Sztompka": false, "Nicolaus Steno": false, "Friedrich Bessel": true, "Mario Pieri": false, "Galileo Galilei": false, "John Newport Langley": false, "Adolphe Quetelet": true, "Walther Meissner": false, "Heinz Hopf": false, "Mogens Herman Hansen": false, "Carl Ritter": false, "Hjalmar Mellin": false, "Georgios Babiniotis": true, "Bernd Sturmfels": false, "Rudolf Wagner": false, "Nello Santi": true, "Nilakantha Somayaji": false, "Friedrich Spanheim": false, "Abram Ioffe": false, "Saskia Sassen": true, "Francesco Maurolico": false, "Ivan Pavlov": false, "Walter Bradford Cannon": false, "Urbain Le Verrier": true, "Ilya Prigogine": true, "Luca Pacioli": true, "Joseph von Gerlach": false, "Stephen Jay Gould": true, "Jon Postel": true, "John Dalton": false, "Walter Isard": false, "Halford Mackinder": true, "Frederick Banting": false, "Werner Fenchel": true, "Jeremiah Horrocks": false, "Arnaud Denjoy": true, "Enrico Fermi": true, "Karl Wilhelm von Kupffer": false, "Sean M. Carroll": false, "Mildred Dresselhaus": true, "Philipp Lenard": false, "Charles Bell": false, "Fritjof Capra": false, "Gregor Mendel": true, "Wilhelm Krause": false, "Ernest Lawrence": true, "Anders Celsius": false, "Anaxagoras": false, "John Preskill": true, "Stefan Banach": false, "Georg Mohr": false, "Kurt Baier": false, "Mark S. Granovetter": true, "Frederick Ashton": false, "Horace Lamb": false, "Marshall Harvey Stone": false, "Theodor Billroth": true, "Friedrich Hirzebruch": false, "Max Weber": true, "Heinrich Roth": false, "Clark Kimberling": false, "Edwin Hubble": true, "Alfred Weber": false, "Macedonio Melloni": false, "Hermann Schwarz": false, "Johannes de Sacrobosco": false, "James Clerk Maxwell": false, "Herbert Robbins": false, "Johannes Fabricius": false, "Abraham bar Hiyya": false, "Allan Sandage": false, "Paul Broca": false, "Joseph Campbell": false, "Hans Bethe": false, "Tycho Brahe": true, "Claude Bernard": false, "Blaise Pascal": false, "Lindsey Davis": false, "John Paul II": false, "Eduard Uspensky": false, "Giunta Pisano": false, "Arthur Conan Doyle": false, "Rafael Alberti": false, "Joseph Brodsky": true, "Alphonse Daudet": false, "Geoff Dyer": false, "Marie Curie": false, "Fredrika Bremer": false, "Barack Obama": false, "Seamus Heaney": true, "Raymond Abellio": false, "Hans Christian Andersen": false, "Zachris Topelius": false}, "overall_acc": 0.21818181818181817}