{"by_case": {"John James Rickard Macleod": false, "Lee Alvin DuBridge": false, "John Henry Poynting": false, "Yi-Fu Tuan": false, "Michel Chasles": true, "Albrecht Kossel": true, "Karl Polanyi": false, "Hubert von Luschka": true, "Pierre Curie": true, "Robert A. Millikan": false, "Anita Borg": false, "Raymond Smith Dugan": false, "Stuart Parkin": false, "Otto Brunfels": true, "Sofia Kovalevskaya": false, "Frederik Kaiser": false, "Otto E. Neugebauer": false, "Edward Teller": true, "Raoul Bott": false, "Stephen Wolfram": false, "Bert Sakmann": true, "James Morris Blaut": false, "Fred Hoyle": false, "Nicole-Reine Lepaute": true, "James Ivory": false, "Jane Ellen Harrison": false, "John Archibald Wheeler": false, "Franz Reuleaux": false, "Christiaan Huygens": false, "Steven Weinberg": false, "Hermann Minkowski": false, "William Crabtree": false, "Menaechmus": false, "Harrie Massey": false, "Mathias Lerch": false, "Robert Neelly Bellah": false, "August Heinrich Petermann": false, "Anatoly Maltsev": true, "Karl Marx": false, "Paul Langevin": true, "Charles Babbage": false, "Ernest Starling": false, "Ulrich Beck": false, "Galen": false, "Edoardo Amaldi": true, "Khaled Hosseini": false, "Roger Penrose": false, "William Thierry Preyer": false, "Karl Schwarzschild": false, "Nikolai Bernstein": false, "Arthur Leonard Schawlow": false, "Ulf von Euler": true, "George Volkoff": false, "Bonaventura Cavalieri": false, "Charles Proteus Steinmetz": false, "Herbert A. Hauptman": false, "Volcher Coiter": false, "Isaac Barrow": false, "Isaac Newton": false, "Edward Victor Appleton": false, "Johannes Hevelius": false, "John Napier": false, "Nikolai Ivanovich Lobachevsky": true, "William Sharpey": false, "Wilhelm Roux": false, "David Bohm": false, "Jean Pierre Flourens": true, "John Cockcroft": false, "Nicolas Chuquet": true, "James Franck": false, "Leonhard Euler": false, "Hugo Kronecker": true, "Karl Menger": false, "Felix Bloch": false, "David Hilbert": false, "William Isaac Thomas": false, "Jan Mikulicz-Radecki": false, "Nikolai Bogolyubov": true, "Giacomo F. Maraldi": false, "Henry Thomas Colebrooke": false, "Marcel Mauss": true, "Carl Ludwig": false, "Joseph Diez Gergonne": true, "Theodor von Oppolzer": false, "Robert Hanbury Brown": false, "Hertha Ayrton": false, "William Rowan Hamilton": false, "Laurent Schwartz": true, "Pyotr Lebedev": false, "Vilfredo Pareto": false, "Henri Brocard": true, "Otto Struve": false, "John Polkinghorne": false, "Nicholas Metropolis": false, "Aleksey Krylov": false, "Christoph Gerber": false, "Kip S. Thorne": false, "Alexis Bouvard": true, "Mstislav Keldysh": false, "Archimedes": false, "Ernest Rutherford": true, "Moritz Pasch": true, "Sin-Itiro Tomonaga": true, "Vilhelm Bjerknes": true, "Jakob Steiner": false, "Daniel Bernoulli": false, "Ewald Hering": true, "Antoine Augustin Cournot": true, "Percy Williams Bridgman": false, "William Oughtred": false, "Al-Kindi": false, "Theodor Lipps": false, "August Krogh": false, "Edward Condon": false, "Hermann von Helmholtz": false, "Michio Kaku": false, "Eric Harold Neville": false, "David G. Bromley": false, "Vitaly Ginzburg": true, "Wilhelm Ackermann": true, "Ernest Burgess": true, "Georges Reeb": true, "Boris Delaunay": false, "Joseph Barcroft": false, "Norbert Wiener": false, "Henri Becquerel": true, "Reinhold Niebuhr": false, "Oswald Veblen": false, "Georg Ludwig Hartig": false, "Nur ad-Din al-Bitruji": true, "William Harvey": false, "Henry Cavendish": false, "Stephen Hales": false, "Shmuel Eisenstadt": true, "Arthur Moritz Schoenflies": true, "Kazimierz Ajdukiewicz": true, "Raymond Smullyan": false, "Josias Simmler": false, "James George Frazer": false, "David Harvey": false, "Sergey Chaplygin": false, "Leon Orbeli": false, "Karl Georg Christian von Staudt": false, "Alfred Tarski": true, "Petrus Camper": false, "August Kundt": false, "Euclid": false, "Alexander Zinoviev": true, "Immanuel Wallerstein": false, "Wilhelm Wien": true, "Patrick Moore": false, "Ernst Heinrich Weber": true, "Francis Bitter": false, "William Herschel": false, "Erving Goffman": true, "John Vincent Atanasoff": false, "Gerardus Mercator": false, "Willem Einthoven": false, "Eugene Wigner": false, "Joseph von Fraunhofer": false, "Clarence Zener": false, "David Crystal": false, "Friedrich Tiedemann": false, "Herman Auerbach": false, "Mikio Sato": true, "Archibald Hill": false, "Ulisse Dini": false, "Solomon Schechter": false, "Pomponius Mela": true, "Hermann Klaatsch": false, "John Wallis": false, "Giovanni Domenico Cassini": false, "Olin J. Eggen": false, "Brahmagupta": true, "Karl Bogislaus Reichert": false, "Nathaniel Bowditch": false, "Ivan Sechenov": false, "Otto Neurath": false, "Hypatia": false, "Willebrord Snellius": false, "Harold Scott MacDonald Coxeter": true, "Marian Rejewski": true, "Piotr Sztompka": true, "Nicolaus Steno": false, "Friedrich Bessel": false, "Mario Pieri": false, "Galileo Galilei": false, "John Newport Langley": false, "Adolphe Quetelet": false, "Walther Meissner": true, "Heinz Hopf": true, "Mogens Herman Hansen": false, "Carl Ritter": false, "Hjalmar Mellin": false, "Georgios Babiniotis": true, "Bernd Sturmfels": true, "Rudolf Wagner": false, "Nello Santi": true, "Nilakantha Somayaji": true, "Abram Ioffe": false, "Saskia Sassen": false, "Ivan Pavlov": false, "Walter Bradford Cannon": false, "Urbain Le Verrier": true, "Ilya Prigogine": false, "Luca Pacioli": false, "Joseph von Gerlach": false, "Stephen Jay Gould": false, "Jon Postel": false, "John Dalton": false, "Walter Isard": false, "Halford Mackinder": false, "Frederick Banting": true, "Werner Fenchel": false, "Jeremiah Horrocks": false, "Arnaud Denjoy": true, "Enrico Fermi": true, "Karl Wilhelm von Kupffer": false, "Sean M. Carroll": false, "Mildred Dresselhaus": false, "Philipp Lenard": true, "Charles Bell": false, "Fritjof Capra": false, "Gregor Mendel": false, "Wilhelm Krause": true, "Ernest Lawrence": false, "Anders Celsius": true, "John Preskill": false, "Stefan Banach": false, "Georg Mohr": false, "Kurt Baier": false, "Mark S. Granovetter": false, "Frederick Ashton": false, "Horace Lamb": false, "Marshall Harvey Stone": false, "Theodor Billroth": false, "Friedrich Hirzebruch": true, "Max Weber": false, "Heinrich Roth": true, "Clark Kimberling": false, "Edwin Hubble": false, "Alfred Weber": true, "Hermann Schwarz": true, "Johannes de Sacrobosco": false, "James Clerk Maxwell": false, "Herbert Robbins": false, "Johannes Fabricius": false, "Abraham bar Hiyya": false, "Allan Sandage": false, "Paul Broca": true, "Joseph Campbell": false, "Hans Bethe": false, "Tycho Brahe": false, "Claude Bernard": true, "Blaise Pascal": false, "Lindsey Davis": false, "John Paul II": true, "Eduard Uspensky": true, "Arthur Conan Doyle": false, "Rafael Alberti": true, "Alphonse Daudet": true, "Geoff Dyer": false, "Marie Curie": true, "Fredrika Bremer": true, "Barack Obama": true, "Seamus Heaney": false, "Raymond Abellio": true, "Hans Christian Andersen": false, "Zachris Topelius": false}, "overall_acc": 0.2788104089219331}